-- =============================================================================
-- Vocabulary Seed Data — Representative Starter Dataset
-- Source concept IDs: OHDSI Athena (https://athena.ohdsi.org/)
-- concept_id = 0 indicates a placeholder needing verification against Athena
-- =============================================================================

-- ---------------------------------------------------------------------------
-- LOINC → OMOP  (Top 50 lab / vital LOINC codes)
-- ---------------------------------------------------------------------------
INSERT INTO terminology.loinc_to_omop (loinc_code, loinc_description, omop_concept_id, omop_concept_name, omop_domain_id)
VALUES
    ('8480-6',  'Systolic blood pressure',               3004249,  'Systolic blood pressure',               'Measurement'),
    ('8462-4',  'Diastolic blood pressure',              3012888,  'Diastolic blood pressure',              'Measurement'),
    ('8867-4',  'Heart rate',                            3027018,  'Heart rate',                            'Measurement'),
    ('8310-5',  'Body temperature',                      3020891,  'Body temperature',                      'Measurement'),
    ('9279-1',  'Respiratory rate',                      3024171,  'Respiratory rate',                      'Measurement'),
    ('2708-6',  'Oxygen saturation in Arterial blood',   3016502,  'Oxygen saturation in Arterial blood',   'Measurement'),
    ('29463-7', 'Body weight',                           3013762,  'Body weight',                           'Measurement'),
    ('8302-2',  'Body height',                           3036277,  'Body height',                           'Measurement'),
    ('39156-5', 'Body mass index',                       3038553,  'Body mass index (BMI)',                 'Measurement'),
    ('2345-7',  'Glucose [Mass/volume] in Serum or Plasma', 3004501, 'Glucose [Mass/volume] in Serum or Plasma', 'Measurement'),
    ('4548-4',  'Hemoglobin A1c/Hemoglobin.total in Blood', 3004410, 'Hemoglobin A1c/Hemoglobin.total in Blood', 'Measurement'),
    ('2093-3',  'Cholesterol [Mass/volume] in Serum or Plasma', 3027114, 'Cholesterol [Mass/volume] in Serum or Plasma', 'Measurement'),
    ('2571-8',  'Triglycerides [Mass/volume] in Serum or Plasma', 3022192, 'Triglycerides [Mass/volume] in Serum or Plasma', 'Measurement'),
    ('2085-9',  'HDL Cholesterol',                       3007070,  'Cholesterol in HDL [Mass/volume] in Serum or Plasma', 'Measurement'),
    ('13457-7', 'LDL Cholesterol (calculated)',          3028437,  'Cholesterol in LDL [Mass/volume] in Serum or Plasma by calculation', 'Measurement'),
    ('2160-0',  'Creatinine [Mass/volume] in Serum or Plasma', 3016723, 'Creatinine [Mass/volume] in Serum or Plasma', 'Measurement'),
    ('3094-0',  'Urea nitrogen [Mass/volume] in Serum or Plasma', 3013682, 'Urea nitrogen [Mass/volume] in Serum or Plasma', 'Measurement'),
    ('6299-2',  'Urea nitrogen [Mass/volume] in Blood', 3005629,  'Urea nitrogen [Mass/volume] in Blood', 'Measurement'),
    ('2823-3',  'Potassium [Moles/volume] in Serum or Plasma', 3023103, 'Potassium [Moles/volume] in Serum or Plasma', 'Measurement'),
    ('2951-2',  'Sodium [Moles/volume] in Serum or Plasma', 3019550, 'Sodium [Moles/volume] in Serum or Plasma', 'Measurement'),
    ('2075-0',  'Chloride [Moles/volume] in Serum or Plasma', 3014576, 'Chloride [Moles/volume] in Serum or Plasma', 'Measurement'),
    ('2028-9',  'Carbon dioxide, total [Moles/volume] in Serum or Plasma', 3015632, 'Carbon dioxide, total [Moles/volume] in Serum or Plasma', 'Measurement'),
    ('17861-6', 'Calcium [Mass/volume] in Serum or Plasma', 3006906, 'Calcium [Mass/volume] in Serum or Plasma', 'Measurement'),
    ('1742-6',  'Alanine aminotransferase [Enzymatic activity/volume] in Serum or Plasma', 3006923, 'Alanine aminotransferase [Enzymatic activity/volume] in Serum or Plasma', 'Measurement'),
    ('1920-8',  'Aspartate aminotransferase [Enzymatic activity/volume] in Serum or Plasma', 3013721, 'Aspartate aminotransferase [Enzymatic activity/volume] in Serum or Plasma', 'Measurement'),
    ('1975-2',  'Bilirubin.total [Mass/volume] in Serum or Plasma', 3024128, 'Bilirubin.total [Mass/volume] in Serum or Plasma', 'Measurement'),
    ('6768-6',  'Alkaline phosphatase [Enzymatic activity/volume] in Serum or Plasma', 3035995, 'Alkaline phosphatase [Enzymatic activity/volume] in Serum or Plasma', 'Measurement'),
    ('2885-2',  'Protein [Mass/volume] in Serum or Plasma', 3020630, 'Protein [Mass/volume] in Serum or Plasma', 'Measurement'),
    ('1751-7',  'Albumin [Mass/volume] in Serum or Plasma', 3024561, 'Albumin [Mass/volume] in Serum or Plasma', 'Measurement'),
    ('33765-9', 'eGFR (CKD-EPI)',                       3049187,  'Glomerular filtration rate/1.73 sq M.predicted', 'Measurement'),
    ('718-7',   'Hemoglobin [Mass/volume] in Blood',     3000963,  'Hemoglobin [Mass/volume] in Blood',     'Measurement'),
    ('4544-3',  'Hematocrit [Volume Fraction] of Blood', 3023314,  'Hematocrit [Volume Fraction] of Blood', 'Measurement'),
    ('6690-2',  'Leukocytes [#/volume] in Blood',        3000905,  'Leukocytes [#/volume] in Blood by Automated count', 'Measurement'),
    ('777-3',   'Platelets [#/volume] in Blood',         3024929,  'Platelets [#/volume] in Blood by Automated count', 'Measurement'),
    ('789-8',   'Erythrocytes [#/volume] in Blood',      3020416,  'Erythrocytes [#/volume] in Blood by Automated count', 'Measurement'),
    ('785-6',   'MCH [Entitic mass]',                    3012030,  'Erythrocyte mean corpuscular hemoglobin [Entitic mass]', 'Measurement'),
    ('786-4',   'MCHC [Mass/volume]',                    3009542,  'Erythrocyte mean corpuscular hemoglobin concentration [Mass/volume]', 'Measurement'),
    ('787-2',   'MCV [Entitic volume]',                  3023599,  'Erythrocyte mean corpuscular volume [Entitic volume]', 'Measurement'),
    ('788-0',   'RDW [Ratio] in RBC',                    3002385,  'Erythrocyte distribution width [Ratio]', 'Measurement'),
    ('5902-2',  'Prothrombin time (PT)',                  3034426,  'Prothrombin time (PT)',                 'Measurement'),
    ('3173-2',  'aPTT in Blood',                         3013466,  'Activated partial thromboplastin time (aPTT) in Blood', 'Measurement'),
    ('6598-7',  'Troponin T, cardiac',                   3022096,  'Troponin T.cardiac [Mass/volume] in Serum or Plasma', 'Measurement'),
    ('33762-6', 'NT-proBNP',                             3029187,  'Natriuretic peptide.B prohormone N-Terminal [Mass/volume] in Serum or Plasma', 'Measurement'),
    ('1988-5',  'C reactive protein [Mass/volume] in Serum or Plasma', 3020460, 'C reactive protein [Mass/volume] in Serum or Plasma', 'Measurement'),
    ('30341-2', 'Erythrocyte sedimentation rate',        3015183,  'Erythrocyte sedimentation rate',        'Measurement'),
    ('14959-1', 'Microalbumin [Mass/volume] in Urine',   3000285,  'Microalbumin [Mass/volume] in Urine',   'Measurement'),
    ('2157-6',  'Creatine kinase [Enzymatic activity/volume] in Serum or Plasma', 3003338, 'Creatine kinase [Enzymatic activity/volume] in Serum or Plasma', 'Measurement'),
    ('14749-6', 'Glucose [Mass/volume] in Serum or Plasma --fasting', 3037110, 'Glucose [Mass/volume] in Serum or Plasma --fasting', 'Measurement'),
    ('2339-0',  'Glucose [Mass/volume] in Blood',        3000483,  'Glucose [Mass/volume] in Blood',        'Measurement'),
    ('30385-9', 'D-dimer [Mass/volume] in Platelet poor plasma', 3052648, 'D-dimer DDU [Mass/volume] in Platelet poor plasma', 'Measurement');

-- ---------------------------------------------------------------------------
-- SNOMED → OMOP  (Top 50 condition SNOMED codes)
-- ---------------------------------------------------------------------------
INSERT INTO terminology.snomed_to_omop (snomed_code, snomed_description, omop_concept_id, omop_concept_name, omop_domain_id)
VALUES
    ('73211009',  'Diabetes mellitus',                    201826,  'Type 2 diabetes mellitus',              'Condition'),
    ('44054006',  'Diabetes mellitus type 2',             201826,  'Type 2 diabetes mellitus',              'Condition'),
    ('46635009',  'Diabetes mellitus type 1',             201254,  'Type 1 diabetes mellitus',              'Condition'),
    ('38341003',  'Hypertensive disorder',                320128,  'Essential hypertension',                'Condition'),
    ('59621000',  'Essential hypertension',               320128,  'Essential hypertension',                'Condition'),
    ('195967001', 'Asthma',                               317009,  'Asthma',                                'Condition'),
    ('13645005',  'Chronic obstructive lung disease',     255573,  'Chronic obstructive lung disease',      'Condition'),
    ('84114007',  'Heart failure',                        316139,  'Heart failure',                         'Condition'),
    ('49436004',  'Atrial fibrillation',                  313217,  'Atrial fibrillation',                   'Condition'),
    ('22298006',  'Myocardial infarction',                312327,  'Acute myocardial infarction',           'Condition'),
    ('230690007', 'Cerebrovascular accident',             372924,  'Cerebral infarction',                   'Condition'),
    ('40055000',  'Chronic kidney disease',               46271022,'Chronic kidney disease',                'Condition'),
    ('235856003', 'Chronic liver disease',                4212540, 'Chronic liver disease',                 'Condition'),
    ('53741008',  'Coronary arteriosclerosis',            321318,  'Coronary arteriosclerosis',             'Condition'),
    ('267036007', 'Dyspnea',                             312437,  'Dyspnea',                               'Condition'),
    ('25064002',  'Headache',                             378253,  'Headache',                              'Condition'),
    ('271807003', 'Eruption of skin (rash)',              140168,  'Eruption',                              'Condition'),
    ('386661006', 'Fever',                                437663,  'Fever',                                 'Condition'),
    ('21522001',  'Abdominal pain',                       200219,  'Abdominal pain',                        'Condition'),
    ('68962001',  'Muscle pain (myalgia)',                77074,   'Myalgia',                               'Condition'),
    ('49727002',  'Cough',                                254761,  'Cough',                                 'Condition'),
    ('36971009',  'Sinusitis',                            257007,  'Sinusitis',                             'Condition'),
    ('10509002',  'Acute bronchitis',                     260139,  'Acute bronchitis',                      'Condition'),
    ('65363002',  'Otitis media',                         372328,  'Otitis media',                          'Condition'),
    ('68566005',  'Urinary tract infection',              81902,   'Urinary tract infectious disease',      'Condition'),
    ('87433001',  'Pulmonary emphysema',                  261880,  'Emphysema',                             'Condition'),
    ('190905008', 'Cystic fibrosis',                      257628,  'Cystic fibrosis',                       'Condition'),
    ('35489007',  'Depressive disorder',                  440383,  'Depressive disorder',                   'Condition'),
    ('197480006', 'Anxiety disorder',                     441542,  'Anxiety disorder',                      'Condition'),
    ('13746004',  'Bipolar disorder',                     436665,  'Bipolar disorder',                      'Condition'),
    ('58150001',  'Fracture of bone',                     4030518, 'Fracture of bone',                      'Condition'),
    ('399068003', 'Malignant tumor of prostate',          200962,  'Primary malignant neoplasm of prostate','Condition'),
    ('254837009', 'Malignant neoplasm of breast',         137809,  'Primary malignant neoplasm of female breast', 'Condition'),
    ('363406005', 'Malignant tumor of colon',             196523,  'Primary malignant neoplasm of colon',   'Condition'),
    ('162573006', 'Suspected lung cancer',                258375,  'Primary malignant neoplasm of lung',    'Condition'),
    ('126906006', 'Neoplasm of pancreas',                 4198855, 'Malignant tumor of pancreas',           'Condition'),
    ('414545008', 'Ischemic heart disease',               321318,  'Coronary arteriosclerosis',             'Condition'),
    ('90708001',  'Kidney disease',                       46271022,'Chronic kidney disease',                'Condition'),
    ('267038008', 'Edema',                                433736,  'Edema',                                 'Condition'),
    ('22253000',  'Pain',                                 4329041, 'Pain',                                  'Condition'),
    ('399211009', 'History of myocardial infarction',     312327,  'Acute myocardial infarction',           'Condition'),
    ('266257000', 'Transient ischemic attack',            373503,  'Transient cerebral ischemia',           'Condition'),
    ('128613002', 'Seizure disorder',                     380378,  'Epilepsy',                              'Condition'),
    ('363346000', 'Malignant neoplasm of ovary',          200051,  'Primary malignant neoplasm of ovary',   'Condition'),
    ('709044004', 'Chronic pain',                         77670,   'Chronic pain',                          'Condition'),
    ('267102003', 'Sore throat',                          259153,  'Pharyngitis',                           'Condition'),
    ('233604007', 'Pneumonia',                            255848,  'Pneumonia',                             'Condition'),
    ('40930008',  'Hypothyroidism',                       140673,  'Hypothyroidism',                        'Condition'),
    ('34486009',  'Hyperthyroidism',                      4142479, 'Hyperthyroidism',                       'Condition'),
    ('235595009', 'Gastroesophageal reflux disease',      4174262, 'Gastroesophageal reflux disease',       'Condition'),
    ('72892002',  'Normal pregnancy',                    4299535, 'Normal pregnancy',                      'Condition'),
    ('414916001', 'Obesity',                             433736,  'Obesity',                               'Condition'),
    ('271737000', 'Anemia',                              439777,  'Anemia',                                'Condition'),
    ('276517002', 'Low back pain',                       4329041, 'Low back pain',                         'Condition'),
    ('365981007', 'Tobacco use finding',                 4209423, 'Finding of tobacco use and exposure',   'Observation'),
    ('387712008', 'Neonatal jaundice',                   4096921, 'Neonatal jaundice',                     'Condition'),
    ('46177005',  'End-stage renal disease',             193253,  'End-stage renal disease',               'Condition'),
    ('52767006',  'Intracranial hemorrhage',             372924,  'Intracranial hemorrhage',               'Condition');

-- ---------------------------------------------------------------------------
-- RxNorm → OMOP  (Top 30 medication RxNorm codes)
-- ---------------------------------------------------------------------------
INSERT INTO terminology.rxnorm_to_omop (rxnorm_code, rxnorm_description, omop_concept_id, omop_concept_name)
VALUES
    ('161',    'Acetaminophen',              1125315,  'Acetaminophen'),
    ('1191',   'Aspirin',                    1112807,  'Aspirin'),
    ('5640',   'Ibuprofen',                  1177480,  'Ibuprofen'),
    ('6809',   'Metformin',                  1503297,  'metformin'),
    ('4815',   'Glipizide',                  1560171,  'glipizide'),
    ('253182', 'Insulin glargine',           35602717, 'insulin glargine'),
    ('29046',  'Lisinopril',                 1308216,  'lisinopril'),
    ('69749',  'Metoprolol',                 1307046,  'metoprolol'),
    ('321064', 'Amlodipine',                 1332418,  'amlodipine'),
    ('83367',  'Atorvastatin',               1545958,  'atorvastatin'),
    ('36567',  'Simvastatin',                1539403,  'simvastatin'),
    ('8640',   'Prednisone',                 1518254,  'prednisone'),
    ('3640',   'Doxycycline',                1738521,  'doxycycline'),
    ('733',    'Amoxicillin',                1713332,  'amoxicillin'),
    ('1665',   'Azithromycin',               1734104,  'azithromycin'),
    ('2551',   'Ciprofloxacin',              1797513,  'ciprofloxacin'),
    ('10689',  'Warfarin',                   1310149,  'warfarin'),
    ('114979', 'Apixaban',                   43013024, 'apixaban'),
    ('7052',   'Morphine',                   1110410,  'morphine'),
    ('5489',   'Hydrocodone',                1124957,  'hydrocodone'),
    ('7804',   'Omeprazole',                 948078,   'omeprazole'),
    ('8183',   'Pantoprazole',               948915,   'pantoprazole'),
    ('3992',   'Esomeprazole',               911735,   'esomeprazole'),
    ('33738',  'Levothyroxine',              19049105, 'levothyroxine'),
    ('36437',  'Albuterol',                  1154343,  'albuterol'),
    ('25255',  'Fluticasone',                1149380,  'fluticasone'),
    ('7646',   'Naproxen',                   1115171,  'naproxen'),
    ('10582',  'Gabapentin',                 713192,   'gabapentin'),
    ('72236',  'Sertraline',                 739138,   'sertraline'),
    ('4493',   'Fluoxetine',                 755695,   'fluoxetine');

-- ---------------------------------------------------------------------------
-- ICD-10-CM → OMOP  (Top 30 diagnosis codes)
-- ICD-10-CM codes are non-standard in OMOP; standard_concept is NULL
-- ---------------------------------------------------------------------------
INSERT INTO terminology.icd10cm_to_omop (icd10cm_code, icd10cm_description, omop_concept_id, omop_concept_name, standard_concept)
VALUES
    ('E11.9',  'Type 2 diabetes mellitus without complications',     35208414, 'Type 2 diabetes mellitus without complications', NULL),
    ('E10.9',  'Type 1 diabetes mellitus without complications',     35208360, 'Type 1 diabetes mellitus without complications', NULL),
    ('I10',    'Essential (primary) hypertension',                   35211445, 'Essential (primary) hypertension',               NULL),
    ('J45.909','Unspecified asthma, uncomplicated',                  35207854, 'Unspecified asthma, uncomplicated',              NULL),
    ('J44.1',  'COPD with acute exacerbation',                       35207775, 'Chronic obstructive pulmonary disease with (acute) exacerbation', NULL),
    ('I50.9',  'Heart failure, unspecified',                         35211519, 'Heart failure, unspecified',                     NULL),
    ('I48.91', 'Unspecified atrial fibrillation',                    35211497, 'Unspecified atrial fibrillation',                NULL),
    ('I21.9',  'Acute myocardial infarction, unspecified',           35211459, 'Acute myocardial infarction, unspecified',       NULL),
    ('I63.9',  'Cerebral infarction, unspecified',                   35211536, 'Cerebral infarction, unspecified',               NULL),
    ('N18.9',  'Chronic kidney disease, unspecified',                35208070, 'Chronic kidney disease, unspecified',            NULL),
    ('F32.9',  'Major depressive disorder, single episode, unspecified', 35207513, 'Major depressive disorder, single episode, unspecified', NULL),
    ('F41.1',  'Generalized anxiety disorder',                       35207530, 'Generalized anxiety disorder',                  NULL),
    ('J06.9',  'Acute upper respiratory infection, unspecified',     35207741, 'Acute upper respiratory infection, unspecified', NULL),
    ('J18.9',  'Pneumonia, unspecified organism',                    35207817, 'Pneumonia, unspecified organism',                NULL),
    ('N39.0',  'Urinary tract infection, site not specified',        35208080, 'Urinary tract infection, site not specified',    NULL),
    ('K21.0',  'Gastro-esophageal reflux disease with esophagitis',  35207970, 'Gastro-esophageal reflux disease with esophagitis', NULL),
    ('M54.5',  'Low back pain',                                     35208137, 'Low back pain',                                 NULL),
    ('E78.5',  'Hyperlipidemia, unspecified',                        35208425, 'Hyperlipidemia, unspecified',                   NULL),
    ('E03.9',  'Hypothyroidism, unspecified',                        35208399, 'Hypothyroidism, unspecified',                   NULL),
    ('G47.00', 'Insomnia, unspecified',                              35207592, 'Insomnia, unspecified',                         NULL),
    ('J02.9',  'Acute pharyngitis, unspecified',                     35207735, 'Acute pharyngitis, unspecified',                NULL),
    ('R05.9',  'Cough, unspecified',                                 35208236, 'Cough, unspecified',                            NULL),
    ('R50.9',  'Fever, unspecified',                                 35208276, 'Fever, unspecified',                            NULL),
    ('R10.9',  'Unspecified abdominal pain',                         35208217, 'Unspecified abdominal pain',                    NULL),
    ('G43.909','Migraine, unspecified, not intractable, without status migrainosus', 35207588, 'Migraine, unspecified, not intractable, without status migrainosus', NULL),
    ('L50.9',  'Urticaria, unspecified',                             35208034, 'Urticaria, unspecified',                        NULL),
    ('E55.9',  'Vitamin D deficiency, unspecified',                  35208419, 'Vitamin D deficiency, unspecified',             NULL),
    ('D64.9',  'Anemia, unspecified',                                35207430, 'Anemia, unspecified',                           NULL),
    ('I25.10', 'Atherosclerotic heart disease of native coronary artery without angina pectoris', 35211478, 'Atherosclerotic heart disease of native coronary artery without angina pectoris', NULL),
    ('Z23',    'Encounter for immunization',                         35208320, 'Encounter for immunization',                    NULL);

-- ---------------------------------------------------------------------------
-- Demographics → OMOP  (Gender, Race, Ethnicity)
-- ---------------------------------------------------------------------------
INSERT INTO terminology.demographic_to_omop (source_system, source_code, source_description, omop_concept_id, omop_concept_name, omop_domain_id, category)
VALUES
    ('FHIR', 'male',              'Male',                                  8507,  'MALE',                          'Gender', 'gender'),
    ('FHIR', 'female',            'Female',                                8532,  'FEMALE',                        'Gender', 'gender'),
    ('FHIR', 'other',             'Other',                                 8521,  'OTHER',                         'Gender', 'gender'),
    ('FHIR', 'unknown',           'Unknown',                               8551,  'UNKNOWN',                       'Gender', 'gender'),
    ('OMB',  '1002-5',            'American Indian or Alaska Native',      8657,  'American Indian or Alaska Native', 'Race', 'race'),
    ('OMB',  '2028-9',            'Asian',                                 8515,  'Asian',                         'Race',   'race'),
    ('OMB',  '2054-5',            'Black or African American',             8516,  'Black or African American',     'Race',   'race'),
    ('OMB',  '2076-8',            'Native Hawaiian or Other Pacific Islander', 8557, 'Native Hawaiian or Other Pacific Islander', 'Race', 'race'),
    ('OMB',  '2106-3',            'White',                                 8527,  'White',                         'Race',   'race'),
    ('OMB',  '2131-1',            'Other Race',                            8522,  'Other Race',                    'Race',   'race'),
    ('OMB',  'UNK',               'Unknown Race',                          8552,  'Unknown',                       'Race',   'race'),
    ('OMB',  '2135-2',            'Hispanic or Latino',                    38003563, 'Hispanic or Latino',         'Ethnicity', 'ethnicity'),
    ('OMB',  '2186-5',            'Not Hispanic or Latino',                38003564, 'Not Hispanic or Latino',     'Ethnicity', 'ethnicity'),
    ('OMB',  'UNK',               'Unknown Ethnicity',                     0,        'No matching concept',        'Ethnicity', 'ethnicity');

-- ---------------------------------------------------------------------------
-- OMOP Concept table — all concept_ids referenced above
-- ---------------------------------------------------------------------------
INSERT INTO terminology.concept (concept_id, concept_name, domain_id, vocabulary_id, concept_class_id, standard_concept, concept_code, valid_start_date, valid_end_date, invalid_reason)
VALUES
    (0,        'No matching concept',                    'Metadata',   'None',    'Undefined',       NULL, 'No matching concept', '1970-01-01', '2099-12-31', NULL),
    (8507,     'MALE',                                   'Gender',     'Gender',  'Gender',          'S',  'M',         '1970-01-01', '2099-12-31', NULL),
    (8515,     'Asian',                                  'Race',       'Race',    'Race',            'S',  '3',         '1970-01-01', '2099-12-31', NULL),
    (8516,     'Black or African American',              'Race',       'Race',    'Race',            'S',  '4',         '1970-01-01', '2099-12-31', NULL),
    (8521,     'OTHER',                                  'Gender',     'Gender',  'Gender',          'S',  'O',         '1970-01-01', '2099-12-31', NULL),
    (8522,     'Other Race',                             'Race',       'Race',    'Race',            'S',  '7',         '1970-01-01', '2099-12-31', NULL),
    (8527,     'White',                                  'Race',       'Race',    'Race',            'S',  '5',         '1970-01-01', '2099-12-31', NULL),
    (8532,     'FEMALE',                                 'Gender',     'Gender',  'Gender',          'S',  'F',         '1970-01-01', '2099-12-31', NULL),
    (8551,     'UNKNOWN',                                'Gender',     'Gender',  'Gender',          'S',  'U',         '1970-01-01', '2099-12-31', NULL),
    (8552,     'Unknown',                                'Race',       'Race',    'Race',            'S',  '8',         '1970-01-01', '2099-12-31', NULL),
    (8557,     'Native Hawaiian or Other Pacific Islander','Race',     'Race',    'Race',            'S',  '6',         '1970-01-01', '2099-12-31', NULL),
    (8657,     'American Indian or Alaska Native',       'Race',       'Race',    'Race',            'S',  '1',         '1970-01-01', '2099-12-31', NULL),
    (38003563, 'Hispanic or Latino',                     'Ethnicity',  'Ethnicity','Ethnicity',      'S',  'Hispanic',  '1970-01-01', '2099-12-31', NULL),
    (38003564, 'Not Hispanic or Latino',                 'Ethnicity',  'Ethnicity','Ethnicity',      'S',  'Not Hispanic','1970-01-01','2099-12-31', NULL),

    -- LOINC Measurement concepts
    (3004249,  'Systolic blood pressure',                'Measurement','LOINC',   'Clinical Observation','S','8480-6',  '1970-01-01','2099-12-31', NULL),
    (3012888,  'Diastolic blood pressure',               'Measurement','LOINC',   'Clinical Observation','S','8462-4',  '1970-01-01','2099-12-31', NULL),
    (3027018,  'Heart rate',                             'Measurement','LOINC',   'Clinical Observation','S','8867-4',  '1970-01-01','2099-12-31', NULL),
    (3020891,  'Body temperature',                       'Measurement','LOINC',   'Clinical Observation','S','8310-5',  '1970-01-01','2099-12-31', NULL),
    (3024171,  'Respiratory rate',                       'Measurement','LOINC',   'Clinical Observation','S','9279-1',  '1970-01-01','2099-12-31', NULL),
    (3016502,  'Oxygen saturation in Arterial blood',    'Measurement','LOINC',   'Clinical Observation','S','2708-6',  '1970-01-01','2099-12-31', NULL),
    (3013762,  'Body weight',                            'Measurement','LOINC',   'Clinical Observation','S','29463-7', '1970-01-01','2099-12-31', NULL),
    (3036277,  'Body height',                            'Measurement','LOINC',   'Clinical Observation','S','8302-2',  '1970-01-01','2099-12-31', NULL),
    (3038553,  'Body mass index (BMI)',                  'Measurement','LOINC',   'Clinical Observation','S','39156-5', '1970-01-01','2099-12-31', NULL),
    (3004501,  'Glucose [Mass/volume] in Serum or Plasma','Measurement','LOINC',  'Clinical Observation','S','2345-7',  '1970-01-01','2099-12-31', NULL),
    (3004410,  'Hemoglobin A1c/Hemoglobin.total in Blood','Measurement','LOINC',  'Clinical Observation','S','4548-4',  '1970-01-01','2099-12-31', NULL),
    (3027114,  'Cholesterol [Mass/volume] in Serum or Plasma','Measurement','LOINC','Clinical Observation','S','2093-3','1970-01-01','2099-12-31', NULL),
    (3022192,  'Triglycerides [Mass/volume] in Serum or Plasma','Measurement','LOINC','Clinical Observation','S','2571-8','1970-01-01','2099-12-31', NULL),
    (3007070,  'Cholesterol in HDL [Mass/volume]',       'Measurement','LOINC',   'Clinical Observation','S','2085-9',  '1970-01-01','2099-12-31', NULL),
    (3028437,  'Cholesterol in LDL [Mass/volume] by calculation','Measurement','LOINC','Clinical Observation','S','13457-7','1970-01-01','2099-12-31', NULL),
    (3016723,  'Creatinine [Mass/volume] in Serum or Plasma','Measurement','LOINC','Clinical Observation','S','2160-0', '1970-01-01','2099-12-31', NULL),
    (3013682,  'Urea nitrogen [Mass/volume] in Serum or Plasma','Measurement','LOINC','Clinical Observation','S','3094-0','1970-01-01','2099-12-31', NULL),
    (3005629,  'Urea nitrogen [Mass/volume] in Blood',   'Measurement','LOINC',   'Clinical Observation','S','6299-2',  '1970-01-01','2099-12-31', NULL),
    (3023103,  'Potassium [Moles/volume] in Serum or Plasma','Measurement','LOINC','Clinical Observation','S','2823-3', '1970-01-01','2099-12-31', NULL),
    (3019550,  'Sodium [Moles/volume] in Serum or Plasma','Measurement','LOINC',  'Clinical Observation','S','2951-2',  '1970-01-01','2099-12-31', NULL),
    (3014576,  'Chloride [Moles/volume] in Serum or Plasma','Measurement','LOINC','Clinical Observation','S','2075-0', '1970-01-01','2099-12-31', NULL),
    (3015632,  'Carbon dioxide total [Moles/volume]',    'Measurement','LOINC',   'Clinical Observation','S','2028-9',  '1970-01-01','2099-12-31', NULL),
    (3006906,  'Calcium [Mass/volume] in Serum or Plasma','Measurement','LOINC',  'Clinical Observation','S','17861-6', '1970-01-01','2099-12-31', NULL),
    (3006923,  'Alanine aminotransferase [Enzymatic activity/volume]','Measurement','LOINC','Clinical Observation','S','1742-6','1970-01-01','2099-12-31', NULL),
    (3013721,  'Aspartate aminotransferase [Enzymatic activity/volume]','Measurement','LOINC','Clinical Observation','S','1920-8','1970-01-01','2099-12-31', NULL),
    (3024128,  'Bilirubin.total [Mass/volume]',          'Measurement','LOINC',   'Clinical Observation','S','1975-2',  '1970-01-01','2099-12-31', NULL),
    (3035995,  'Alkaline phosphatase [Enzymatic activity/volume]','Measurement','LOINC','Clinical Observation','S','6768-6','1970-01-01','2099-12-31', NULL),
    (3020630,  'Protein [Mass/volume] in Serum or Plasma','Measurement','LOINC',  'Clinical Observation','S','2885-2',  '1970-01-01','2099-12-31', NULL),
    (3024561,  'Albumin [Mass/volume] in Serum or Plasma','Measurement','LOINC',  'Clinical Observation','S','1751-7',  '1970-01-01','2099-12-31', NULL),
    (3049187,  'Glomerular filtration rate/1.73 sq M.predicted','Measurement','LOINC','Clinical Observation','S','33765-9','1970-01-01','2099-12-31', NULL),
    (3000963,  'Hemoglobin [Mass/volume] in Blood',      'Measurement','LOINC',   'Clinical Observation','S','718-7',   '1970-01-01','2099-12-31', NULL),
    (3023314,  'Hematocrit [Volume Fraction] of Blood',  'Measurement','LOINC',   'Clinical Observation','S','4544-3',  '1970-01-01','2099-12-31', NULL),
    (3000905,  'Leukocytes [#/volume] in Blood',         'Measurement','LOINC',   'Clinical Observation','S','6690-2',  '1970-01-01','2099-12-31', NULL),
    (3024929,  'Platelets [#/volume] in Blood',          'Measurement','LOINC',   'Clinical Observation','S','777-3',   '1970-01-01','2099-12-31', NULL),
    (3020416,  'Erythrocytes [#/volume] in Blood',       'Measurement','LOINC',   'Clinical Observation','S','789-8',   '1970-01-01','2099-12-31', NULL),
    (3012030,  'Erythrocyte mean corpuscular hemoglobin','Measurement','LOINC',   'Clinical Observation','S','785-6',   '1970-01-01','2099-12-31', NULL),
    (3009542,  'Erythrocyte mean corpuscular hemoglobin concentration','Measurement','LOINC','Clinical Observation','S','786-4','1970-01-01','2099-12-31', NULL),
    (3023599,  'Erythrocyte mean corpuscular volume',    'Measurement','LOINC',   'Clinical Observation','S','787-2',   '1970-01-01','2099-12-31', NULL),
    (3002385,  'Erythrocyte distribution width [Ratio]', 'Measurement','LOINC',   'Clinical Observation','S','788-0',   '1970-01-01','2099-12-31', NULL),
    (3034426,  'Prothrombin time (PT)',                  'Measurement','LOINC',   'Clinical Observation','S','5902-2',  '1970-01-01','2099-12-31', NULL),
    (3013466,  'Activated partial thromboplastin time (aPTT)','Measurement','LOINC','Clinical Observation','S','3173-2','1970-01-01','2099-12-31', NULL),
    (3022096,  'Troponin T.cardiac [Mass/volume]',       'Measurement','LOINC',   'Clinical Observation','S','6598-7',  '1970-01-01','2099-12-31', NULL),
    (3029187,  'NT-proBNP [Mass/volume]',                'Measurement','LOINC',   'Clinical Observation','S','33762-6', '1970-01-01','2099-12-31', NULL),
    (3020460,  'C reactive protein [Mass/volume]',       'Measurement','LOINC',   'Clinical Observation','S','1988-5',  '1970-01-01','2099-12-31', NULL),
    (3015183,  'Erythrocyte sedimentation rate',         'Measurement','LOINC',   'Clinical Observation','S','30341-2', '1970-01-01','2099-12-31', NULL),
    (3000285,  'Microalbumin [Mass/volume] in Urine',    'Measurement','LOINC',   'Clinical Observation','S','14959-1', '1970-01-01','2099-12-31', NULL),
    (3003338,  'Creatine kinase [Enzymatic activity/volume]','Measurement','LOINC','Clinical Observation','S','2157-6', '1970-01-01','2099-12-31', NULL),
    (3037110,  'Glucose [Mass/volume] --fasting',        'Measurement','LOINC',   'Clinical Observation','S','14749-6', '1970-01-01','2099-12-31', NULL),
    (3000483,  'Glucose [Mass/volume] in Blood',         'Measurement','LOINC',   'Clinical Observation','S','2339-0',  '1970-01-01','2099-12-31', NULL),
    (3052648,  'D-dimer DDU [Mass/volume]',              'Measurement','LOINC',   'Clinical Observation','S','30385-9', '1970-01-01','2099-12-31', NULL),

    -- SNOMED Condition concepts
    (201826,   'Type 2 diabetes mellitus',               'Condition',  'SNOMED',  'Clinical Finding',    'S','44054006','1970-01-01','2099-12-31', NULL),
    (201254,   'Type 1 diabetes mellitus',               'Condition',  'SNOMED',  'Clinical Finding',    'S','46635009','1970-01-01','2099-12-31', NULL),
    (320128,   'Essential hypertension',                 'Condition',  'SNOMED',  'Clinical Finding',    'S','59621000','1970-01-01','2099-12-31', NULL),
    (317009,   'Asthma',                                 'Condition',  'SNOMED',  'Clinical Finding',    'S','195967001','1970-01-01','2099-12-31', NULL),
    (255573,   'Chronic obstructive lung disease',       'Condition',  'SNOMED',  'Clinical Finding',    'S','13645005','1970-01-01','2099-12-31', NULL),
    (316139,   'Heart failure',                          'Condition',  'SNOMED',  'Clinical Finding',    'S','84114007','1970-01-01','2099-12-31', NULL),
    (313217,   'Atrial fibrillation',                    'Condition',  'SNOMED',  'Clinical Finding',    'S','49436004','1970-01-01','2099-12-31', NULL),
    (312327,   'Acute myocardial infarction',            'Condition',  'SNOMED',  'Clinical Finding',    'S','22298006','1970-01-01','2099-12-31', NULL),
    (372924,   'Cerebral infarction',                    'Condition',  'SNOMED',  'Clinical Finding',    'S','432504007','1970-01-01','2099-12-31', NULL),
    (46271022, 'Chronic kidney disease',                 'Condition',  'SNOMED',  'Clinical Finding',    'S','709044004','1970-01-01','2099-12-31', NULL),
    (4212540,  'Chronic liver disease',                  'Condition',  'SNOMED',  'Clinical Finding',    'S','235856003','1970-01-01','2099-12-31', NULL),
    (321318,   'Coronary arteriosclerosis',              'Condition',  'SNOMED',  'Clinical Finding',    'S','53741008','1970-01-01','2099-12-31', NULL),
    (312437,   'Dyspnea',                               'Condition',  'SNOMED',  'Clinical Finding',    'S','267036007','1970-01-01','2099-12-31', NULL),
    (378253,   'Headache',                               'Condition',  'SNOMED',  'Clinical Finding',    'S','25064002','1970-01-01','2099-12-31', NULL),
    (140168,   'Eruption',                               'Condition',  'SNOMED',  'Clinical Finding',    'S','271807003','1970-01-01','2099-12-31', NULL),
    (437663,   'Fever',                                  'Condition',  'SNOMED',  'Clinical Finding',    'S','386661006','1970-01-01','2099-12-31', NULL),
    (200219,   'Abdominal pain',                         'Condition',  'SNOMED',  'Clinical Finding',    'S','21522001','1970-01-01','2099-12-31', NULL),
    (77074,    'Myalgia',                                'Condition',  'SNOMED',  'Clinical Finding',    'S','68962001','1970-01-01','2099-12-31', NULL),
    (254761,   'Cough',                                  'Condition',  'SNOMED',  'Clinical Finding',    'S','49727002','1970-01-01','2099-12-31', NULL),
    (257007,   'Sinusitis',                              'Condition',  'SNOMED',  'Clinical Finding',    'S','36971009','1970-01-01','2099-12-31', NULL),
    (260139,   'Acute bronchitis',                       'Condition',  'SNOMED',  'Clinical Finding',    'S','10509002','1970-01-01','2099-12-31', NULL),
    (372328,   'Otitis media',                           'Condition',  'SNOMED',  'Clinical Finding',    'S','65363002','1970-01-01','2099-12-31', NULL),
    (81902,    'Urinary tract infectious disease',       'Condition',  'SNOMED',  'Clinical Finding',    'S','68566005','1970-01-01','2099-12-31', NULL),
    (261880,   'Emphysema',                              'Condition',  'SNOMED',  'Clinical Finding',    'S','87433001','1970-01-01','2099-12-31', NULL),
    (257628,   'Cystic fibrosis',                        'Condition',  'SNOMED',  'Clinical Finding',    'S','190905008','1970-01-01','2099-12-31', NULL),
    (440383,   'Depressive disorder',                    'Condition',  'SNOMED',  'Clinical Finding',    'S','35489007','1970-01-01','2099-12-31', NULL),
    (441542,   'Anxiety disorder',                       'Condition',  'SNOMED',  'Clinical Finding',    'S','197480006','1970-01-01','2099-12-31', NULL),
    (436665,   'Bipolar disorder',                       'Condition',  'SNOMED',  'Clinical Finding',    'S','13746004','1970-01-01','2099-12-31', NULL),
    (4030518,  'Fracture of bone',                       'Condition',  'SNOMED',  'Clinical Finding',    'S','58150001','1970-01-01','2099-12-31', NULL),
    (200962,   'Primary malignant neoplasm of prostate', 'Condition',  'SNOMED',  'Clinical Finding',    'S','399068003','1970-01-01','2099-12-31', NULL),
    (137809,   'Primary malignant neoplasm of female breast','Condition','SNOMED','Clinical Finding',    'S','254837009','1970-01-01','2099-12-31', NULL),
    (196523,   'Primary malignant neoplasm of colon',    'Condition',  'SNOMED',  'Clinical Finding',    'S','363406005','1970-01-01','2099-12-31', NULL),
    (258375,   'Primary malignant neoplasm of lung',     'Condition',  'SNOMED',  'Clinical Finding',    'S','162573006','1970-01-01','2099-12-31', NULL),
    (4198855,  'Malignant tumor of pancreas',            'Condition',  'SNOMED',  'Clinical Finding',    'S','126906006','1970-01-01','2099-12-31', NULL),
    (433736,   'Edema',                                  'Condition',  'SNOMED',  'Clinical Finding',    'S','267038008','1970-01-01','2099-12-31', NULL),
    (4329041,  'Pain',                                   'Condition',  'SNOMED',  'Clinical Finding',    'S','22253000','1970-01-01','2099-12-31', NULL),
    (373503,   'Transient cerebral ischemia',            'Condition',  'SNOMED',  'Clinical Finding',    'S','266257000','1970-01-01','2099-12-31', NULL),
    (380378,   'Epilepsy',                               'Condition',  'SNOMED',  'Clinical Finding',    'S','128613002','1970-01-01','2099-12-31', NULL),
    (200051,   'Primary malignant neoplasm of ovary',    'Condition',  'SNOMED',  'Clinical Finding',    'S','363346000','1970-01-01','2099-12-31', NULL),
    (77670,    'Chronic pain',                           'Condition',  'SNOMED',  'Clinical Finding',    'S','709044004','1970-01-01','2099-12-31', NULL),
    (259153,   'Pharyngitis',                            'Condition',  'SNOMED',  'Clinical Finding',    'S','267102003','1970-01-01','2099-12-31', NULL),
    (255848,   'Pneumonia',                              'Condition',  'SNOMED',  'Clinical Finding',    'S','233604007','1970-01-01','2099-12-31', NULL),
    (140673,   'Hypothyroidism',                         'Condition',  'SNOMED',  'Clinical Finding',    'S','40930008','1970-01-01','2099-12-31', NULL),
    (4142479,  'Hyperthyroidism',                        'Condition',  'SNOMED',  'Clinical Finding',    'S','34486009','1970-01-01','2099-12-31', NULL),
    (4174262,  'Gastroesophageal reflux disease',        'Condition',  'SNOMED',  'Clinical Finding',    'S','235595009','1970-01-01','2099-12-31', NULL),

    -- RxNorm Drug concepts
    (1125315,  'Acetaminophen',                          'Drug',       'RxNorm',  'Ingredient',          'S','161',     '1970-01-01','2099-12-31', NULL),
    (1112807,  'Aspirin',                                'Drug',       'RxNorm',  'Ingredient',          'S','1191',    '1970-01-01','2099-12-31', NULL),
    (1177480,  'Ibuprofen',                              'Drug',       'RxNorm',  'Ingredient',          'S','5640',    '1970-01-01','2099-12-31', NULL),
    (1503297,  'metformin',                              'Drug',       'RxNorm',  'Ingredient',          'S','6809',    '1970-01-01','2099-12-31', NULL),
    (1560171,  'glipizide',                              'Drug',       'RxNorm',  'Ingredient',          'S','4815',    '1970-01-01','2099-12-31', NULL),
    (35602717, 'insulin glargine',                       'Drug',       'RxNorm',  'Ingredient',          'S','253182',  '1970-01-01','2099-12-31', NULL),
    (1308216,  'lisinopril',                             'Drug',       'RxNorm',  'Ingredient',          'S','29046',   '1970-01-01','2099-12-31', NULL),
    (1307046,  'metoprolol',                             'Drug',       'RxNorm',  'Ingredient',          'S','69749',   '1970-01-01','2099-12-31', NULL),
    (1332418,  'amlodipine',                             'Drug',       'RxNorm',  'Ingredient',          'S','321064',  '1970-01-01','2099-12-31', NULL),
    (1545958,  'atorvastatin',                           'Drug',       'RxNorm',  'Ingredient',          'S','83367',   '1970-01-01','2099-12-31', NULL),
    (1539403,  'simvastatin',                            'Drug',       'RxNorm',  'Ingredient',          'S','36567',   '1970-01-01','2099-12-31', NULL),
    (1518254,  'prednisone',                             'Drug',       'RxNorm',  'Ingredient',          'S','8640',    '1970-01-01','2099-12-31', NULL),
    (1738521,  'doxycycline',                            'Drug',       'RxNorm',  'Ingredient',          'S','3640',    '1970-01-01','2099-12-31', NULL),
    (1713332,  'amoxicillin',                            'Drug',       'RxNorm',  'Ingredient',          'S','733',     '1970-01-01','2099-12-31', NULL),
    (1734104,  'azithromycin',                           'Drug',       'RxNorm',  'Ingredient',          'S','1665',    '1970-01-01','2099-12-31', NULL),
    (1797513,  'ciprofloxacin',                          'Drug',       'RxNorm',  'Ingredient',          'S','2551',    '1970-01-01','2099-12-31', NULL),
    (1310149,  'warfarin',                               'Drug',       'RxNorm',  'Ingredient',          'S','10689',   '1970-01-01','2099-12-31', NULL),
    (43013024, 'apixaban',                               'Drug',       'RxNorm',  'Ingredient',          'S','114979',  '1970-01-01','2099-12-31', NULL),
    (1110410,  'morphine',                               'Drug',       'RxNorm',  'Ingredient',          'S','7052',    '1970-01-01','2099-12-31', NULL),
    (1124957,  'hydrocodone',                            'Drug',       'RxNorm',  'Ingredient',          'S','5489',    '1970-01-01','2099-12-31', NULL),
    (948078,   'omeprazole',                             'Drug',       'RxNorm',  'Ingredient',          'S','7804',    '1970-01-01','2099-12-31', NULL),
    (948915,   'pantoprazole',                           'Drug',       'RxNorm',  'Ingredient',          'S','8183',    '1970-01-01','2099-12-31', NULL),
    (911735,   'esomeprazole',                           'Drug',       'RxNorm',  'Ingredient',          'S','3992',    '1970-01-01','2099-12-31', NULL),
    (19049105, 'levothyroxine',                          'Drug',       'RxNorm',  'Ingredient',          'S','33738',   '1970-01-01','2099-12-31', NULL),
    (1154343,  'albuterol',                              'Drug',       'RxNorm',  'Ingredient',          'S','25255',   '1970-01-01','2099-12-31', NULL),
    (1149380,  'fluticasone',                            'Drug',       'RxNorm',  'Ingredient',          'S','36437',   '1970-01-01','2099-12-31', NULL),
    (1115171,  'naproxen',                               'Drug',       'RxNorm',  'Ingredient',          'S','7646',    '1970-01-01','2099-12-31', NULL),
    (713192,   'gabapentin',                             'Drug',       'RxNorm',  'Ingredient',          'S','10582',   '1970-01-01','2099-12-31', NULL),
    (739138,   'sertraline',                             'Drug',       'RxNorm',  'Ingredient',          'S','72236',   '1970-01-01','2099-12-31', NULL),
    (755695,   'fluoxetine',                             'Drug',       'RxNorm',  'Ingredient',          'S','4493',    '1970-01-01','2099-12-31', NULL),

    -- ICD-10-CM concepts (non-standard, standard_concept = NULL)
    (35208414, 'Type 2 diabetes mellitus without complications','Condition','ICD10CM','4-char billing code',NULL,'E11.9','1970-01-01','2099-12-31', NULL),
    (35208360, 'Type 1 diabetes mellitus without complications','Condition','ICD10CM','4-char billing code',NULL,'E10.9','1970-01-01','2099-12-31', NULL),
    (35211445, 'Essential (primary) hypertension',       'Condition',  'ICD10CM', '3-char billing code', NULL,'I10',    '1970-01-01','2099-12-31', NULL),
    (35207854, 'Unspecified asthma, uncomplicated',      'Condition',  'ICD10CM', '5-char billing code', NULL,'J45.909','1970-01-01','2099-12-31', NULL),
    (35207775, 'COPD with acute exacerbation',           'Condition',  'ICD10CM', '4-char billing code', NULL,'J44.1',  '1970-01-01','2099-12-31', NULL),
    (35211519, 'Heart failure, unspecified',              'Condition',  'ICD10CM', '4-char billing code', NULL,'I50.9',  '1970-01-01','2099-12-31', NULL),
    (35211497, 'Unspecified atrial fibrillation',        'Condition',  'ICD10CM', '5-char billing code', NULL,'I48.91', '1970-01-01','2099-12-31', NULL),
    (35211459, 'Acute myocardial infarction, unspecified','Condition', 'ICD10CM', '4-char billing code', NULL,'I21.9',  '1970-01-01','2099-12-31', NULL),
    (35211536, 'Cerebral infarction, unspecified',       'Condition',  'ICD10CM', '4-char billing code', NULL,'I63.9',  '1970-01-01','2099-12-31', NULL),
    (35208070, 'Chronic kidney disease, unspecified',    'Condition',  'ICD10CM', '4-char billing code', NULL,'N18.9',  '1970-01-01','2099-12-31', NULL),
    (35207513, 'Major depressive disorder, single episode, unspecified','Condition','ICD10CM','4-char billing code',NULL,'F32.9','1970-01-01','2099-12-31', NULL),
    (35207530, 'Generalized anxiety disorder',           'Condition',  'ICD10CM', '4-char billing code', NULL,'F41.1',  '1970-01-01','2099-12-31', NULL),
    (35207741, 'Acute upper respiratory infection, unspecified','Condition','ICD10CM','4-char billing code',NULL,'J06.9','1970-01-01','2099-12-31', NULL),
    (35207817, 'Pneumonia, unspecified organism',        'Condition',  'ICD10CM', '4-char billing code', NULL,'J18.9',  '1970-01-01','2099-12-31', NULL),
    (35208080, 'Urinary tract infection, site not specified','Condition','ICD10CM','4-char billing code',NULL,'N39.0', '1970-01-01','2099-12-31', NULL),
    (35207970, 'GERD with esophagitis',                  'Condition',  'ICD10CM', '4-char billing code', NULL,'K21.0',  '1970-01-01','2099-12-31', NULL),
    (35208137, 'Low back pain',                          'Condition',  'ICD10CM', '4-char billing code', NULL,'M54.5',  '1970-01-01','2099-12-31', NULL),
    (35208425, 'Hyperlipidemia, unspecified',            'Condition',  'ICD10CM', '4-char billing code', NULL,'E78.5',  '1970-01-01','2099-12-31', NULL),
    (35208399, 'Hypothyroidism, unspecified',            'Condition',  'ICD10CM', '4-char billing code', NULL,'E03.9',  '1970-01-01','2099-12-31', NULL),
    (35207592, 'Insomnia, unspecified',                  'Condition',  'ICD10CM', '5-char billing code', NULL,'G47.00', '1970-01-01','2099-12-31', NULL),
    (35207735, 'Acute pharyngitis, unspecified',         'Condition',  'ICD10CM', '4-char billing code', NULL,'J02.9',  '1970-01-01','2099-12-31', NULL),
    (35208236, 'Cough, unspecified',                     'Condition',  'ICD10CM', '4-char billing code', NULL,'R05.9',  '1970-01-01','2099-12-31', NULL),
    (35208276, 'Fever, unspecified',                     'Condition',  'ICD10CM', '4-char billing code', NULL,'R50.9',  '1970-01-01','2099-12-31', NULL),
    (35208217, 'Unspecified abdominal pain',             'Condition',  'ICD10CM', '4-char billing code', NULL,'R10.9',  '1970-01-01','2099-12-31', NULL),
    (35207588, 'Migraine, unspecified',                  'Condition',  'ICD10CM', '6-char billing code', NULL,'G43.909','1970-01-01','2099-12-31', NULL),
    (35208034, 'Urticaria, unspecified',                 'Condition',  'ICD10CM', '4-char billing code', NULL,'L50.9',  '1970-01-01','2099-12-31', NULL),
    (35208419, 'Vitamin D deficiency, unspecified',      'Condition',  'ICD10CM', '4-char billing code', NULL,'E55.9',  '1970-01-01','2099-12-31', NULL),
    (35207430, 'Anemia, unspecified',                    'Condition',  'ICD10CM', '4-char billing code', NULL,'D64.9',  '1970-01-01','2099-12-31', NULL),
    (35211478, 'Atherosclerotic heart disease of native coronary artery','Condition','ICD10CM','5-char billing code',NULL,'I25.10','1970-01-01','2099-12-31', NULL),
    (35208320, 'Encounter for immunization',             'Observation','ICD10CM', '3-char billing code', NULL,'Z23',    '1970-01-01','2099-12-31', NULL);

-- ---------------------------------------------------------------------------
-- OMOP Concept Relationship — ICD-10-CM "Maps to" standard SNOMED concepts
-- ---------------------------------------------------------------------------
INSERT INTO terminology.concept_relationship (concept_id_1, concept_id_2, relationship_id, valid_start_date, valid_end_date, invalid_reason)
VALUES
    (35208414, 201826,   'Maps to', '1970-01-01', '2099-12-31', NULL),
    (35208360, 201254,   'Maps to', '1970-01-01', '2099-12-31', NULL),
    (35211445, 320128,   'Maps to', '1970-01-01', '2099-12-31', NULL),
    (35207854, 317009,   'Maps to', '1970-01-01', '2099-12-31', NULL),
    (35207775, 255573,   'Maps to', '1970-01-01', '2099-12-31', NULL),
    (35211519, 316139,   'Maps to', '1970-01-01', '2099-12-31', NULL),
    (35211497, 313217,   'Maps to', '1970-01-01', '2099-12-31', NULL),
    (35211459, 312327,   'Maps to', '1970-01-01', '2099-12-31', NULL),
    (35211536, 372924,   'Maps to', '1970-01-01', '2099-12-31', NULL),
    (35208070, 46271022, 'Maps to', '1970-01-01', '2099-12-31', NULL),
    (35207513, 440383,   'Maps to', '1970-01-01', '2099-12-31', NULL),
    (35207530, 441542,   'Maps to', '1970-01-01', '2099-12-31', NULL),
    (35207741, 257007,   'Maps to', '1970-01-01', '2099-12-31', NULL),
    (35207817, 255848,   'Maps to', '1970-01-01', '2099-12-31', NULL),
    (35208080, 81902,    'Maps to', '1970-01-01', '2099-12-31', NULL),
    (35207970, 4174262,  'Maps to', '1970-01-01', '2099-12-31', NULL),
    (35208137, 4329041,  'Maps to', '1970-01-01', '2099-12-31', NULL),
    (35208425, 0,        'Maps to', '1970-01-01', '2099-12-31', NULL),  -- concept_id 0: verify mapping for E78.5
    (35208399, 140673,   'Maps to', '1970-01-01', '2099-12-31', NULL),
    (35207592, 0,        'Maps to', '1970-01-01', '2099-12-31', NULL),  -- concept_id 0: verify mapping for G47.00
    (35207735, 259153,   'Maps to', '1970-01-01', '2099-12-31', NULL),
    (35208236, 254761,   'Maps to', '1970-01-01', '2099-12-31', NULL),
    (35208276, 437663,   'Maps to', '1970-01-01', '2099-12-31', NULL),
    (35208217, 200219,   'Maps to', '1970-01-01', '2099-12-31', NULL),
    (35207588, 378253,   'Maps to', '1970-01-01', '2099-12-31', NULL),
    (35208034, 0,        'Maps to', '1970-01-01', '2099-12-31', NULL),  -- concept_id 0: verify mapping for L50.9
    (35208419, 0,        'Maps to', '1970-01-01', '2099-12-31', NULL),  -- concept_id 0: verify mapping for E55.9
    (35207430, 0,        'Maps to', '1970-01-01', '2099-12-31', NULL),  -- concept_id 0: verify mapping for D64.9
    (35211478, 321318,   'Maps to', '1970-01-01', '2099-12-31', NULL),
    (35208320, 0,        'Maps to', '1970-01-01', '2099-12-31', NULL);  -- concept_id 0: verify mapping for Z23
